src_database_name,src_schema_name,src_table_name,target_file_name,adf_name,pipeline_name,run_id,trigger_type,records_read,records_writren,execution_start_time,execution_end_time,copy_duration,execution_status,execution_error_message
DatabaseB,Schema1,users,users_2025-04-12T20:54:37.6650823.json,b21-adf1,pl_onprem_sqlserver_extract,028c1694-f7ec-4666-90b1-d02473647856,Manual,3,3,2025-04-12 20:54:14.553,2025-04-12 20:54:37.667,6,Succeeded,System.Collections.Generic.List`1[System.Object]
DatabaseC,Schema1,job_postings,job_postings_2025-04-12T20:54:38.7264754.json,b21-adf1,pl_onprem_sqlserver_extract,028c1694-f7ec-4666-90b1-d02473647856,Manual,12,12,2025-04-12 20:54:14.553,2025-04-12 20:54:38.727,7,Succeeded,System.Collections.Generic.List`1[System.Object]
DatabaseC,Schema3,post_events,post_events_2025-04-12T20:54:39.9770071.json,b21-adf1,pl_onprem_sqlserver_extract,028c1694-f7ec-4666-90b1-d02473647856,Manual,19,19,2025-04-12 20:54:14.553,2025-04-12 20:54:39.977,8,Succeeded,System.Collections.Generic.List`1[System.Object]
DatabaseA,Schema1,events,events_2025-04-12T20:54:42.7990726.json,b21-adf1,pl_onprem_sqlserver_extract,028c1694-f7ec-4666-90b1-d02473647856,Manual,17,17,2025-04-12 20:54:14.553,2025-04-12 20:54:42.800,11,Succeeded,System.Collections.Generic.List`1[System.Object]
DatabaseA,Schema2,users,users_2025-04-12T20:54:39.6862041.json,b21-adf1,pl_onprem_sqlserver_extract,028c1694-f7ec-4666-90b1-d02473647856,Manual,5,5,2025-04-12 20:54:14.553,2025-04-12 20:54:39.687,7,Succeeded,System.Collections.Generic.List`1[System.Object]
DatabaseB,Schema2,transactions,transactions_2025-04-12T20:54:41.4434507.json,b21-adf1,pl_onprem_sqlserver_extract,028c1694-f7ec-4666-90b1-d02473647856,Manual,7,7,2025-04-12 20:54:14.553,2025-04-12 20:54:41.443,9,Succeeded,System.Collections.Generic.List`1[System.Object]
DatabaseA,Schema1,users,users_2025-04-12T20:54:42.2529462.json,b21-adf1,pl_onprem_sqlserver_extract,028c1694-f7ec-4666-90b1-d02473647856,Manual,5,5,2025-04-12 20:54:14.553,2025-04-12 20:54:42.253,10,Succeeded,System.Collections.Generic.List`1[System.Object]
DatabaseB,Schema2,users,users_2025-04-12T20:54:42.9493182.json,b21-adf1,pl_onprem_sqlserver_extract,028c1694-f7ec-4666-90b1-d02473647856,Manual,3,3,2025-04-12 20:54:14.553,2025-04-12 20:54:42.950,11,Succeeded,System.Collections.Generic.List`1[System.Object]
DatabaseC,Schema2,customer_sales,customer_sales_2025-04-12T20:54:44.3930875.json,b21-adf1,pl_onprem_sqlserver_extract,028c1694-f7ec-4666-90b1-d02473647856,Manual,8,8,2025-04-12 20:54:14.553,2025-04-12 20:54:44.393,12,Succeeded,System.Collections.Generic.List`1[System.Object]
DatabaseA,Schema2,users,users_2025-04-12T23:53:10.9886735.json,b21-adf1,pl_onprem_sqlserver_extract,039d1056-1d55-4d7b-984e-126df6918464,PipelineActivity,5,5,2025-04-12 23:52:51.450,2025-04-12 23:53:10.990,15,Succeeded,System.Collections.Generic.List`1[System.Object]
DatabaseA,Schema1,events,events_2025-04-12T23:53:10.4108037.json,b21-adf1,pl_onprem_sqlserver_extract,be97a2c2-9893-4a57-a78c-816e03d34fad,PipelineActivity,17,17,2025-04-12 23:52:51.397,2025-04-12 23:53:10.410,12,Succeeded,System.Collections.Generic.List`1[System.Object]
DatabaseB,Schema1,users,users_2025-04-12T23:53:11.8064945.json,b21-adf1,pl_onprem_sqlserver_extract,49bf26ff-bbc2-4b13-b75a-98de1dfba56c,PipelineActivity,3,3,2025-04-12 23:52:51.390,2025-04-12 23:53:11.807,15,Succeeded,System.Collections.Generic.List`1[System.Object]
DatabaseB,Schema2,users,users_2025-04-12T23:53:13.3428331.json,b21-adf1,pl_onprem_sqlserver_extract,c1d728a2-ec25-49dc-a8c5-1a6febad9117,PipelineActivity,3,3,2025-04-12 23:52:51.330,2025-04-12 23:53:13.343,16,Succeeded,System.Collections.Generic.List`1[System.Object]
DatabaseA,Schema1,users,users_2025-04-12T23:53:13.6549450.json,b21-adf1,pl_onprem_sqlserver_extract,87fcd7e2-74b1-4bea-b258-15525d2fe3d8,PipelineActivity,5,5,2025-04-12 23:52:51.407,2025-04-12 23:53:13.653,16,Succeeded,System.Collections.Generic.List`1[System.Object]
DatabaseC,Schema3,post_events,post_events_2025-04-12T23:53:13.6868599.json,b21-adf1,pl_onprem_sqlserver_extract,616950e7-7ac5-42f1-94f5-d52a2ee0f964,PipelineActivity,19,19,2025-04-12 23:52:51.503,2025-04-12 23:53:13.687,16,Succeeded,System.Collections.Generic.List`1[System.Object]
DatabaseB,Schema2,transactions,transactions_2025-04-12T23:53:15.0573179.json,b21-adf1,pl_onprem_sqlserver_extract,411e39bd-3757-4b2a-a938-d95dd04c773f,PipelineActivity,7,7,2025-04-12 23:52:51.407,2025-04-12 23:53:15.057,18,Succeeded,System.Collections.Generic.List`1[System.Object]
DatabaseC,Schema1,job_postings,job_postings_2025-04-12T23:53:12.9716781.json,b21-adf1,pl_onprem_sqlserver_extract,3913566b-defc-4928-bab2-9de777bc67e7,PipelineActivity,12,12,2025-04-12 23:52:51.437,2025-04-12 23:53:12.970,16,Succeeded,System.Collections.Generic.List`1[System.Object]
DatabaseB,Schema1,users,users_2025-04-13T00:08:29.7912372.json,b21-adf1,pl_onprem_sqlserver_extract,16c37609-9e30-45fb-a258-177b4b5b46fe,PipelineActivity,3,3,2025-04-13 00:08:12.313,2025-04-13 00:08:29.790,11,Succeeded,System.Collections.Generic.List`1[System.Object]
DatabaseC,Schema3,post_events,post_events_2025-04-13T00:08:28.9004329.json,b21-adf1,pl_onprem_sqlserver_extract,669f85ac-c507-40b8-acdc-17789fa46909,PipelineActivity,19,19,2025-04-13 00:08:12.263,2025-04-13 00:08:28.900,11,Succeeded,System.Collections.Generic.List`1[System.Object]
DatabaseA,Schema1,events,events_2025-04-13T00:08:29.0062657.json,b21-adf1,pl_onprem_sqlserver_extract,e850980c-d3b5-4607-9650-b0c3599a4242,PipelineActivity,17,17,2025-04-13 00:08:12.080,2025-04-13 00:08:29.007,11,Succeeded,System.Collections.Generic.List`1[System.Object]
DatabaseC,Schema1,job_postings,job_postings_2025-04-13T00:08:28.2858403.json,b21-adf1,pl_onprem_sqlserver_extract,121ce028-b364-4fa8-8bc4-e48a8204ab4f,PipelineActivity,12,12,2025-04-13 00:08:12.340,2025-04-13 00:08:28.287,11,Succeeded,System.Collections.Generic.List`1[System.Object]
DatabaseA,Schema1,users,users_2025-04-13T00:08:30.4238456.json,b21-adf1,pl_onprem_sqlserver_extract,04db9394-83bd-41d6-bef3-a82276382ddc,PipelineActivity,5,5,2025-04-13 00:08:12.273,2025-04-13 00:08:30.423,12,Succeeded,System.Collections.Generic.List`1[System.Object]
DatabaseA,Schema2,users,users_2025-04-13T00:08:31.2219275.json,b21-adf1,pl_onprem_sqlserver_extract,afde428e-0807-4d1f-94d8-4a6706d6c8b7,PipelineActivity,5,5,2025-04-13 00:08:12.277,2025-04-13 00:08:31.223,13,Succeeded,System.Collections.Generic.List`1[System.Object]
DatabaseB,Schema2,users,users_2025-04-13T00:08:32.2804576.json,b21-adf1,pl_onprem_sqlserver_extract,8c5dd657-1cf3-48f1-9f91-b2d74fb293ed,PipelineActivity,3,3,2025-04-13 00:08:12.097,2025-04-13 00:08:32.280,14,Succeeded,System.Collections.Generic.List`1[System.Object]
DatabaseC,Schema2,customer_sales,customer_sales_2025-04-13T00:08:33.2289900.json,b21-adf1,pl_onprem_sqlserver_extract,b837a58c-73bc-4cf0-a3f1-65b981be9ea0,PipelineActivity,8,8,2025-04-13 00:08:12.300,2025-04-13 00:08:33.230,15,Succeeded,System.Collections.Generic.List`1[System.Object]
DatabaseB,Schema2,transactions,transactions_2025-04-13T00:08:34.5135727.json,b21-adf1,pl_onprem_sqlserver_extract,64efc5b2-f4f1-4315-a534-1fc99c01e2b8,PipelineActivity,7,7,2025-04-13 00:08:12.210,2025-04-13 00:08:34.513,14,Succeeded,System.Collections.Generic.List`1[System.Object]
DatabaseC,Schema1,job_postings,job_postings_2025-04-13T00:15:39.2967781.json,b21-adf1,pl_onprem_sqlserver_extract,3d0a2fe0-0bab-43b6-bacf-f3f2acd934ca,PipelineActivity,12,12,2025-04-13 00:15:23.717,2025-04-13 00:15:39.297,9,Succeeded,System.Collections.Generic.List`1[System.Object]
DatabaseC,Schema3,post_events,post_events_2025-04-13T00:15:39.1767417.json,b21-adf1,pl_onprem_sqlserver_extract,e6a5fb8e-c6ad-4592-ad91-a29c7c394136,PipelineActivity,19,19,2025-04-13 00:15:23.440,2025-04-13 00:15:39.177,10,Succeeded,System.Collections.Generic.List`1[System.Object]
DatabaseA,Schema2,users,users_2025-04-13T00:15:41.3875305.json,b21-adf1,pl_onprem_sqlserver_extract,3012ae6a-2e3b-4c34-b229-eef268ee23fd,PipelineActivity,5,5,2025-04-13 00:15:23.707,2025-04-13 00:15:41.387,11,Succeeded,System.Collections.Generic.List`1[System.Object]
DatabaseC,Schema2,customer_sales,customer_sales_2025-04-12T23:53:08.2901301.json,b21-adf1,pl_onprem_sqlserver_extract,c0ff502b-f65d-43f0-9ab0-6e5c53b1c5b3,PipelineActivity,8,8,2025-04-12 23:52:51.460,2025-04-12 23:53:08.290,12,Succeeded,System.Collections.Generic.List`1[System.Object]
DatabaseB,Schema2,transactions,transactions_2025-04-13T00:15:41.2747981.json,b21-adf1,pl_onprem_sqlserver_extract,b3536486-a885-4f00-a807-fad05f5e2663,PipelineActivity,7,7,2025-04-13 00:15:23.477,2025-04-13 00:15:41.273,11,Succeeded,System.Collections.Generic.List`1[System.Object]
DatabaseB,Schema1,users,users_2025-04-13T00:15:39.3536948.json,b21-adf1,pl_onprem_sqlserver_extract,b363963d-5032-4fd8-beea-8782b643f656,PipelineActivity,3,3,2025-04-13 00:15:23.617,2025-04-13 00:15:39.353,10,Succeeded,System.Collections.Generic.List`1[System.Object]
DatabaseA,Schema1,users,users_2025-04-13T00:15:42.0306447.json,b21-adf1,pl_onprem_sqlserver_extract,19e68259-c246-4e05-8356-114a58905ef6,PipelineActivity,5,5,2025-04-13 00:15:24.277,2025-04-13 00:15:42.030,11,Succeeded,System.Collections.Generic.List`1[System.Object]
DatabaseC,Schema2,customer_sales,customer_sales_2025-04-13T00:15:43.9321451.json,b21-adf1,pl_onprem_sqlserver_extract,98cfd145-8d01-41a2-ba53-211f73979c2e,PipelineActivity,8,8,2025-04-13 00:15:23.603,2025-04-13 00:15:43.933,12,Succeeded,System.Collections.Generic.List`1[System.Object]
DatabaseA,Schema1,events,events_2025-04-13T00:15:44.2295368.json,b21-adf1,pl_onprem_sqlserver_extract,f81995e0-c875-46ad-89d0-a78f36d2edc8,PipelineActivity,17,17,2025-04-13 00:15:23.350,2025-04-13 00:15:44.230,12,Succeeded,System.Collections.Generic.List`1[System.Object]
DatabaseB,Schema2,users,users_2025-04-13T00:15:43.9238630.json,b21-adf1,pl_onprem_sqlserver_extract,af708d84-5c55-4b89-baaf-340325bfdef6,PipelineActivity,3,3,2025-04-13 00:15:23.390,2025-04-13 00:15:43.923,12,Succeeded,System.Collections.Generic.List`1[System.Object]
DatabaseC,Schema2,customer_sales,customer_sales_2025-04-13T00:38:22.9039727.json,b21-adf1,pl_onprem_sqlserver_extract,57f959e1-678e-468c-a1a5-4a5b7a15f02e,PipelineActivity,8,8,2025-04-13 00:38:04.690,2025-04-13 00:38:22.903,12,Succeeded,System.Collections.Generic.List`1[System.Object]
DatabaseA,Schema2,users,users_2025-04-13T00:38:21.7814879.json,b21-adf1,pl_onprem_sqlserver_extract,5996257a-1ef4-4262-b240-c6a02ca5562a,PipelineActivity,5,5,2025-04-13 00:38:04.713,2025-04-13 00:38:21.780,12,Succeeded,System.Collections.Generic.List`1[System.Object]
DatabaseB,Schema2,users,users_2025-04-13T00:38:23.3697950.json,b21-adf1,pl_onprem_sqlserver_extract,abb380e6-8620-4b30-98cb-b04ae8819b12,PipelineActivity,3,3,2025-04-13 00:38:04.720,2025-04-13 00:38:23.370,12,Succeeded,System.Collections.Generic.List`1[System.Object]
DatabaseC,Schema1,job_postings,job_postings_2025-04-13T00:38:21.5283754.json,b21-adf1,pl_onprem_sqlserver_extract,ac26c24b-0005-484a-9a45-7082ad8835e5,PipelineActivity,12,12,2025-04-13 00:38:04.713,2025-04-13 00:38:21.527,12,Succeeded,System.Collections.Generic.List`1[System.Object]
DatabaseA,Schema1,events,events_2025-04-13T00:38:23.0361823.json,b21-adf1,pl_onprem_sqlserver_extract,33b459cb-3e94-4814-b6a7-3d3ee0fe3858,PipelineActivity,17,17,2025-04-13 00:38:04.733,2025-04-13 00:38:23.037,10,Succeeded,System.Collections.Generic.List`1[System.Object]
DatabaseA,Schema1,users,users_2025-04-13T00:38:24.3883501.json,b21-adf1,pl_onprem_sqlserver_extract,a9679287-0b3a-4601-a47d-2b08a6faa349,PipelineActivity,5,5,2025-04-13 00:38:04.717,2025-04-13 00:38:24.387,12,Succeeded,System.Collections.Generic.List`1[System.Object]
DatabaseC,Schema3,post_events,post_events_2025-04-13T00:38:22.0905043.json,b21-adf1,pl_onprem_sqlserver_extract,79c5debe-cb46-4325-991f-2a352c0f2c89,PipelineActivity,19,19,2025-04-13 00:38:04.783,2025-04-13 00:38:22.090,12,Succeeded,System.Collections.Generic.List`1[System.Object]
DatabaseA,Schema2,users,users_2025-04-13T00:42:43.9071767.json,b21-adf1,pl_onprem_sqlserver_extract,bff27a34-222c-40df-abf4-11f898894a97,PipelineActivity,5,5,2025-04-13 00:42:29.680,2025-04-13 00:42:43.907,9,Succeeded,System.Collections.Generic.List`1[System.Object]
DatabaseA,Schema1,events,events_2025-04-13T00:42:44.1782686.json,b21-adf1,pl_onprem_sqlserver_extract,3dd76370-fe2b-48cb-b84a-9d5b4e9a23e7,PipelineActivity,17,17,2025-04-13 00:42:29.653,2025-04-13 00:42:44.177,9,Succeeded,System.Collections.Generic.List`1[System.Object]
DatabaseC,Schema2,customer_sales,customer_sales_2025-04-13T00:42:44.9011191.json,b21-adf1,pl_onprem_sqlserver_extract,d95ebe87-4930-4f6a-9e02-b12255b61f42,PipelineActivity,8,8,2025-04-13 00:42:29.577,2025-04-13 00:42:44.900,9,Succeeded,System.Collections.Generic.List`1[System.Object]
DatabaseB,Schema2,transactions,transactions_2025-04-13T00:42:44.5329244.json,b21-adf1,pl_onprem_sqlserver_extract,b326a370-eb87-466d-846a-5af9840e3363,PipelineActivity,7,7,2025-04-13 00:42:29.627,2025-04-13 00:42:44.533,9,Succeeded,System.Collections.Generic.List`1[System.Object]
DatabaseB,Schema1,users,users_2025-04-13T00:42:43.9263401.json,b21-adf1,pl_onprem_sqlserver_extract,9b6c4284-c20c-4d3a-b776-1013c28ec784,PipelineActivity,3,3,2025-04-13 00:42:29.580,2025-04-13 00:42:43.927,9,Succeeded,System.Collections.Generic.List`1[System.Object]
DatabaseC,Schema1,job_postings,job_postings_2025-04-13T00:42:43.1156406.json,b21-adf1,pl_onprem_sqlserver_extract,324ea0e2-37ba-431c-bf58-b42c44abc724,PipelineActivity,12,12,2025-04-13 00:42:29.603,2025-04-13 00:42:43.117,9,Succeeded,System.Collections.Generic.List`1[System.Object]
DatabaseA,Schema1,users,users_2025-04-13T00:42:44.2640515.json,b21-adf1,pl_onprem_sqlserver_extract,b114ed2d-9f8e-4ec7-8945-487e3dd112f0,PipelineActivity,5,5,2025-04-13 00:42:29.667,2025-04-13 00:42:44.263,9,Succeeded,System.Collections.Generic.List`1[System.Object]
DatabaseC,Schema3,post_events,post_events_2025-04-13T00:42:44.6791973.json,b21-adf1,pl_onprem_sqlserver_extract,9c2b1814-5468-4d19-870c-2d0d0cd389a1,PipelineActivity,19,19,2025-04-13 00:42:29.673,2025-04-13 00:42:44.680,9,Succeeded,System.Collections.Generic.List`1[System.Object]
DatabaseA,Schema1,events,events_2025-04-13T11:55:28.5724822.json,b21-adf1,pl_onprem_sqlserver_extract,1108427c-7713-455d-be16-b371c61de150,PipelineActivity,17,17,2025-04-13 09:55:10.973,2025-04-13 09:55:28.573,11,Succeeded,System.Collections.Generic.List`1[System.Object]
DatabaseA,Schema1,users,users_2025-04-13T11:55:31.2786274.json,b21-adf1,pl_onprem_sqlserver_extract,5dafd62e-55ab-4a36-b9f5-261aa265110d,PipelineActivity,5,5,2025-04-13 09:55:11.137,2025-04-13 09:55:31.280,15,Succeeded,System.Collections.Generic.List`1[System.Object]
DatabaseC,Schema1,job_postings,job_postings_2025-04-13T12:03:49.9861944.json,b21-adf1,pl_onprem_sqlserver_extract,eb7c3ab1-e9a6-4766-aedf-c5deed73c26e,PipelineActivity,12,12,2025-04-13 10:03:32.417,2025-04-13 10:03:49.987,10,Succeeded,System.Collections.Generic.List`1[System.Object]
DatabaseB,Schema2,users,users_2025-04-13T12:03:50.8877750.json,b21-adf1,pl_onprem_sqlserver_extract,acf253bc-e742-4149-a111-7eb5966498e6,PipelineActivity,3,3,2025-04-13 10:03:32.090,2025-04-13 10:03:50.887,13,Succeeded,System.Collections.Generic.List`1[System.Object]
DatabaseA,Schema1,users,users_2025-04-13T12:03:50.4924848.json,b21-adf1,pl_onprem_sqlserver_extract,672d3e26-913a-4230-ad23-a02be1a35fbe,PipelineActivity,5,5,2025-04-13 10:03:33.060,2025-04-13 10:03:50.493,10,Succeeded,System.Collections.Generic.List`1[System.Object]
DatabaseB,Schema2,transactions,transactions_2025-04-13T12:03:52.2050983.json,b21-adf1,pl_onprem_sqlserver_extract,bbf686f3-8895-49d3-9009-94d7499e2d0d,PipelineActivity,7,7,2025-04-13 10:03:33.110,2025-04-13 10:03:52.207,13,Succeeded,System.Collections.Generic.List`1[System.Object]
DatabaseA,Schema1,events,events_2025-04-13T12:03:49.5530052.json,b21-adf1,pl_onprem_sqlserver_extract,72f5b939-9cef-4ded-8b6f-4e42990b1d22,PipelineActivity,17,17,2025-04-13 10:03:32.090,2025-04-13 10:03:49.553,11,Succeeded,System.Collections.Generic.List`1[System.Object]
DatabaseB,Schema1,users,users_2025-04-13T00:38:22.8584274.json,b21-adf1,pl_onprem_sqlserver_extract,986eb301-02c8-4372-b3b8-7144e4f25d64,PipelineActivity,3,3,2025-04-13 00:38:04.727,2025-04-13 00:38:22.860,12,Succeeded,System.Collections.Generic.List`1[System.Object]
DatabaseB,Schema2,transactions,transactions_2025-04-13T00:38:21.8899312.json,b21-adf1,pl_onprem_sqlserver_extract,b1cd40ef-76f2-4319-81ea-0d27bbe44122,PipelineActivity,7,7,2025-04-13 00:38:04.697,2025-04-13 00:38:21.890,12,Succeeded,System.Collections.Generic.List`1[System.Object]
DatabaseB,Schema2,users,users_2025-04-13T00:42:43.6971796.json,b21-adf1,pl_onprem_sqlserver_extract,37eb5785-7dfa-4e89-a736-3adda4cf6bb4,PipelineActivity,3,3,2025-04-13 00:42:29.673,2025-04-13 00:42:43.697,9,Succeeded,System.Collections.Generic.List`1[System.Object]
DatabaseA,Schema2,users,users_2025-04-13T11:55:26.3392104.json,b21-adf1,pl_onprem_sqlserver_extract,37fd59cc-3434-461c-8d2f-3186fabd8581,PipelineActivity,5,5,2025-04-13 09:55:10.993,2025-04-13 09:55:26.340,10,Succeeded,System.Collections.Generic.List`1[System.Object]
DatabaseB,Schema2,users,users_2025-04-13T11:55:28.1051006.json,b21-adf1,pl_onprem_sqlserver_extract,43d3a2e0-e4b7-4a7e-9461-a7959ba19b75,PipelineActivity,3,3,2025-04-13 09:55:10.967,2025-04-13 09:55:28.107,11,Succeeded,System.Collections.Generic.List`1[System.Object]
DatabaseB,Schema2,transactions,transactions_2025-04-13T11:55:30.5241911.json,b21-adf1,pl_onprem_sqlserver_extract,2cb522e1-9f42-413f-8520-877186d540c1,PipelineActivity,7,7,2025-04-13 09:55:10.960,2025-04-13 09:55:30.523,13,Succeeded,System.Collections.Generic.List`1[System.Object]
DatabaseC,Schema1,job_postings,job_postings_2025-04-13T11:55:31.9062773.json,b21-adf1,pl_onprem_sqlserver_extract,8b9fbd5b-bea3-48c3-8be6-dc0ff0780ebe,PipelineActivity,12,12,2025-04-13 09:55:11.020,2025-04-13 09:55:31.907,13,Succeeded,System.Collections.Generic.List`1[System.Object]
DatabaseC,Schema3,post_events,post_events_2025-04-13T11:55:27.8405082.json,b21-adf1,pl_onprem_sqlserver_extract,c913489d-ce24-4dd3-aba9-6760acdd12bf,PipelineActivity,19,19,2025-04-13 09:55:11.013,2025-04-13 09:55:27.840,11,Succeeded,System.Collections.Generic.List`1[System.Object]
DatabaseB,Schema1,users,users_2025-04-13T11:55:29.2088620.json,b21-adf1,pl_onprem_sqlserver_extract,2f880e29-d311-4b9d-9424-bbb334c5063d,PipelineActivity,3,3,2025-04-13 09:55:11.000,2025-04-13 09:55:29.210,12,Succeeded,System.Collections.Generic.List`1[System.Object]
DatabaseC,Schema2,customer_sales,customer_sales_2025-04-13T11:55:31.9399858.json,b21-adf1,pl_onprem_sqlserver_extract,0c244038-799c-4248-8f27-c4a6de9b799e,PipelineActivity,8,8,2025-04-13 09:55:10.983,2025-04-13 09:55:31.940,15,Succeeded,System.Collections.Generic.List`1[System.Object]
DatabaseA,Schema2,users,users_2025-04-13T12:03:52.3184214.json,b21-adf1,pl_onprem_sqlserver_extract,5223d321-0be4-42f7-bcc3-ebcf9aeaacdd,PipelineActivity,5,5,2025-04-13 10:03:33.093,2025-04-13 10:03:52.320,12,Succeeded,System.Collections.Generic.List`1[System.Object]
DatabaseC,Schema2,customer_sales,customer_sales_2025-04-13T12:03:59.3700891.json,b21-adf1,pl_onprem_sqlserver_extract,05161914-4529-4799-b4f4-426b41d4c532,PipelineActivity,8,8,2025-04-13 10:03:32.413,2025-04-13 10:03:59.370,7,Succeeded,System.Collections.Generic.List`1[System.Object]
DatabaseC,Schema3,post_events,post_events_2025-04-13T12:03:52.6547320.json,b21-adf1,pl_onprem_sqlserver_extract,ff09f851-0700-46ac-8793-793662266232,PipelineActivity,19,19,2025-04-13 10:03:32.140,2025-04-13 10:03:52.653,13,Succeeded,System.Collections.Generic.List`1[System.Object]
DatabaseA,Schema1,events,events_2025-04-13T12:51:56.7785311.json,b21-adf1,pl_onprem_sqlserver_extract,c3448fc2-e60e-46f2-a728-f12abbc9fd4d,PipelineActivity,17,17,2025-04-13 10:51:37.207,2025-04-13 10:51:56.780,14,Succeeded,System.Collections.Generic.List`1[System.Object]
DatabaseA,Schema2,users,users_2025-04-13T12:51:57.3974822.json,b21-adf1,pl_onprem_sqlserver_extract,316dd97d-f865-464e-a650-26ab4c927333,PipelineActivity,5,5,2025-04-13 10:51:37.363,2025-04-13 10:51:57.397,14,Succeeded,System.Collections.Generic.List`1[System.Object]
DatabaseB,Schema2,transactions,transactions_2025-04-13T12:51:57.7975763.json,b21-adf1,pl_onprem_sqlserver_extract,9be78c82-b325-4eb7-a533-ddfd447e3b6d,PipelineActivity,7,7,2025-04-13 10:51:37.220,2025-04-13 10:51:57.797,8,Succeeded,System.Collections.Generic.List`1[System.Object]
DatabaseC,Schema1,job_postings,job_postings_2025-04-13T12:51:57.3319133.json,b21-adf1,pl_onprem_sqlserver_extract,385c9c6c-4056-421c-b848-8286b6adc8ce,PipelineActivity,12,12,2025-04-13 10:51:37.200,2025-04-13 10:51:57.333,11,Succeeded,System.Collections.Generic.List`1[System.Object]
DatabaseB,Schema2,users,users_2025-04-13T12:51:57.0939262.json,b21-adf1,pl_onprem_sqlserver_extract,d3311d94-e5da-4006-b27f-ed9efdf730db,PipelineActivity,3,3,2025-04-13 10:51:37.293,2025-04-13 10:51:57.093,14,Succeeded,System.Collections.Generic.List`1[System.Object]
DatabaseC,Schema3,post_events,post_events_2025-04-13T12:51:59.1378083.json,b21-adf1,pl_onprem_sqlserver_extract,892b97e4-b23f-49c7-90f5-77d4a4747365,PipelineActivity,19,19,2025-04-13 10:51:37.257,2025-04-13 10:51:59.137,16,Succeeded,System.Collections.Generic.List`1[System.Object]
DatabaseC,Schema2,customer_sales,customer_sales_2025-04-13T12:51:56.6348440.json,b21-adf1,pl_onprem_sqlserver_extract,9243008f-11a0-4c1d-b3a8-6905fca1ee65,PipelineActivity,8,8,2025-04-13 10:51:37.243,2025-04-13 10:51:56.633,14,Succeeded,System.Collections.Generic.List`1[System.Object]
DatabaseA,Schema1,users,users_2025-04-13T12:51:59.1146239.json,b21-adf1,pl_onprem_sqlserver_extract,01e0e416-03b0-48ff-bb03-c7c303a276ad,PipelineActivity,5,5,2025-04-13 10:51:37.287,2025-04-13 10:51:59.113,15,Succeeded,System.Collections.Generic.List`1[System.Object]
DatabaseB,Schema1,users,users_2025-04-13T12:51:55.8367164.json,b21-adf1,pl_onprem_sqlserver_extract,82403bf7-8a70-4298-ad3c-efe13bb0f831,PipelineActivity,3,3,2025-04-13 10:51:37.213,2025-04-13 10:51:55.837,13,Succeeded,System.Collections.Generic.List`1[System.Object]
DatabaseB,Schema2,users,users_2025-04-13T12:56:43.5101211.json,b21-adf1,pl_onprem_sqlserver_extract,36febab6-e816-429c-839d-63d7140ffb82,PipelineActivity,3,3,2025-04-13 10:56:23.603,2025-04-13 10:56:43.510,14,Succeeded,System.Collections.Generic.List`1[System.Object]
DatabaseC,Schema3,post_events,post_events_2025-04-13T12:56:43.7629217.json,b21-adf1,pl_onprem_sqlserver_extract,81c36620-78ad-48ee-99b3-e1a8f2c5440a,PipelineActivity,19,19,2025-04-13 10:56:23.600,2025-04-13 10:56:43.763,15,Succeeded,System.Collections.Generic.List`1[System.Object]
DatabaseA,Schema1,events,events_2025-04-13T12:56:43.8491176.json,b21-adf1,pl_onprem_sqlserver_extract,feed3098-9dc5-4c76-8cad-b35470caf92f,PipelineActivity,17,17,2025-04-13 10:56:23.647,2025-04-13 10:56:43.850,14,Succeeded,System.Collections.Generic.List`1[System.Object]
DatabaseB,Schema1,users,users_2025-04-13T12:56:43.8236330.json,b21-adf1,pl_onprem_sqlserver_extract,13d86046-1334-456c-9eec-dfb33cde7866,PipelineActivity,3,3,2025-04-13 10:56:23.633,2025-04-13 10:56:43.823,15,Succeeded,System.Collections.Generic.List`1[System.Object]
DatabaseB,Schema2,transactions,transactions_2025-04-13T12:56:43.6747644.json,b21-adf1,pl_onprem_sqlserver_extract,20c9eebf-fd36-404e-a6ea-a2767357ff08,PipelineActivity,7,7,2025-04-13 10:56:23.640,2025-04-13 10:56:43.673,15,Succeeded,System.Collections.Generic.List`1[System.Object]
DatabaseC,Schema2,customer_sales,customer_sales_2025-04-13T12:56:45.4443982.json,b21-adf1,pl_onprem_sqlserver_extract,1ae0ec99-b6b5-4f8d-83d8-cb533651ff0e,PipelineActivity,8,8,2025-04-13 10:56:23.623,2025-04-13 10:56:45.443,15,Succeeded,System.Collections.Generic.List`1[System.Object]
DatabaseC,Schema1,job_postings,job_postings_2025-04-13T12:56:43.9089763.json,b21-adf1,pl_onprem_sqlserver_extract,cf8070b5-59ac-4de9-802a-1b3b2a9d4dcf,PipelineActivity,12,12,2025-04-13 10:56:23.657,2025-04-13 10:56:43.910,14,Succeeded,System.Collections.Generic.List`1[System.Object]
DatabaseB,Schema1,users,users_2025-04-13T12:03:53.3496921.json,b21-adf1,pl_onprem_sqlserver_extract,44202d37-a32d-438c-95de-95943b1c2e46,PipelineActivity,3,3,2025-04-13 10:03:33.150,2025-04-13 10:03:53.350,10,Succeeded,System.Collections.Generic.List`1[System.Object]
DatabaseA,Schema2,users,users_2025-04-13T12:56:44.9733142.json,b21-adf1,pl_onprem_sqlserver_extract,5f128775-e1b8-4996-a9ce-35d8e73a12dd,PipelineActivity,5,5,2025-04-13 10:56:23.627,2025-04-13 10:56:44.973,15,Succeeded,System.Collections.Generic.List`1[System.Object]
DatabaseA,Schema1,users,users_2025-04-13T13:03:56.9643177.json,b21-adf1,pl_onprem_sqlserver_extract,c42c2f4a-6e72-4625-ae07-ea89540adc3d,PipelineActivity,5,5,2025-04-13 11:03:39.813,2025-04-13 11:03:56.963,11,Succeeded,System.Collections.Generic.List`1[System.Object]
DatabaseB,Schema1,users,users_2025-04-13T16:06:51.6382590.json,b21-adf1,pl_onprem_sqlserver_extract,87a727a1-e458-417c-bafd-c847b8cbd5af,PipelineActivity,3,3,2025-04-13 14:06:32.850,2025-04-13 14:06:51.637,12,Succeeded,System.Collections.Generic.List`1[System.Object]
DatabaseA,Schema1,users,users_2025-04-13T16:13:44.3337747.json,b21-adf1,pl_onprem_sqlserver_extract,e80a61e1-ad41-4c3f-89ad-317792b45440,PipelineActivity,5,5,2025-04-13 14:13:31.170,2025-04-13 14:13:44.333,8,Succeeded,System.Collections.Generic.List`1[System.Object]
DatabaseB,Schema1,users,users_2025-04-13T16:13:44.8822179.json,b21-adf1,pl_onprem_sqlserver_extract,65738664-0049-4504-b373-d2405b114d04,PipelineActivity,3,3,2025-04-13 14:13:31.237,2025-04-13 14:13:44.883,7,Succeeded,System.Collections.Generic.List`1[System.Object]
DatabaseA,Schema1,events,events_2025-04-13T16:13:44.7544861.json,b21-adf1,pl_onprem_sqlserver_extract,8a1b644a-6b6b-4b86-95ab-36ea797e6376,PipelineActivity,17,17,2025-04-13 14:13:31.213,2025-04-13 14:13:44.753,7,Succeeded,System.Collections.Generic.List`1[System.Object]
DatabaseC,Schema3,post_events,post_events_2025-04-13T16:13:45.1731598.json,b21-adf1,pl_onprem_sqlserver_extract,d751e5a2-469c-4eab-b625-259c2790e896,PipelineActivity,19,19,2025-04-13 14:13:31.350,2025-04-13 14:13:45.173,8,Succeeded,System.Collections.Generic.List`1[System.Object]
DatabaseB,Schema2,users,users_2025-04-13T16:13:44.9888451.json,b21-adf1,pl_onprem_sqlserver_extract,c87309ce-3d30-47e2-a290-42e0fa8ef023,PipelineActivity,3,3,2025-04-13 14:13:31.270,2025-04-13 14:13:44.990,7,Succeeded,System.Collections.Generic.List`1[System.Object]
DatabaseC,Schema2,customer_sales,customer_sales_2025-04-13T16:13:44.9580335.json,b21-adf1,pl_onprem_sqlserver_extract,2e4fb660-cef8-4f54-acca-e2a08234c28c,PipelineActivity,8,8,2025-04-13 14:13:31.293,2025-04-13 14:13:44.957,8,Succeeded,System.Collections.Generic.List`1[System.Object]
DatabaseC,Schema1,job_postings,job_postings_2025-04-13T16:13:44.7852005.json,b21-adf1,pl_onprem_sqlserver_extract,eae8ed01-cbae-4c48-b855-3879294eba5e,PipelineActivity,12,12,2025-04-13 14:13:31.273,2025-04-13 14:13:44.787,7,Succeeded,System.Collections.Generic.List`1[System.Object]
DatabaseB,Schema2,transactions,transactions_2025-04-13T16:13:44.8500058.json,b21-adf1,pl_onprem_sqlserver_extract,3c4b76da-a440-40b8-9c31-da9e1693991b,PipelineActivity,7,7,2025-04-13 14:13:31.280,2025-04-13 14:13:44.850,8,Succeeded,System.Collections.Generic.List`1[System.Object]
DatabaseA,Schema2,users,users_2025-04-13T16:13:45.6086674.json,b21-adf1,pl_onprem_sqlserver_extract,5a0765e4-54b7-4e09-9514-3aec906aae6d,PipelineActivity,5,5,2025-04-13 14:13:31.340,2025-04-13 14:13:45.610,5,Succeeded,System.Collections.Generic.List`1[System.Object]
DatabaseC,Schema2,customer_sales,customer_sales_2025-04-13T16:22:28.4637469.json,b21-adf1,pl_onprem_sqlserver_extract,a991648a-fc52-482d-8c84-4474350120cf,PipelineActivity,8,8,2025-04-13 14:22:13.510,2025-04-13 14:22:28.463,7,Succeeded,System.Collections.Generic.List`1[System.Object]
DatabaseA,Schema1,events,events_2025-04-13T16:22:28.4990239.json,b21-adf1,pl_onprem_sqlserver_extract,280ecb8b-37ee-4c9e-91ac-b180edfd84ee,PipelineActivity,17,17,2025-04-13 14:22:12.660,2025-04-13 14:22:28.500,7,Succeeded,System.Collections.Generic.List`1[System.Object]
DatabaseA,Schema1,users,users_2025-04-13T16:22:29.1444535.json,b21-adf1,pl_onprem_sqlserver_extract,618177f9-dfed-43d2-bdae-789df8e4cdf3,PipelineActivity,5,5,2025-04-13 14:22:13.617,2025-04-13 14:22:29.143,8,Succeeded,System.Collections.Generic.List`1[System.Object]
DatabaseA,Schema2,users,users_2025-04-13T16:22:29.2745064.json,b21-adf1,pl_onprem_sqlserver_extract,445972ca-15ca-4935-aa2a-8127038e8025,PipelineActivity,5,5,2025-04-13 14:22:13.547,2025-04-13 14:22:29.273,7,Succeeded,System.Collections.Generic.List`1[System.Object]
DatabaseB,Schema2,transactions,transactions_2025-04-13T16:22:29.9041717.json,b21-adf1,pl_onprem_sqlserver_extract,95e3a371-a71c-4aa0-b6f3-19ba44d13277,PipelineActivity,7,7,2025-04-13 14:22:13.833,2025-04-13 14:22:29.903,8,Succeeded,System.Collections.Generic.List`1[System.Object]
DatabaseC,Schema3,post_events,post_events_2025-04-13T16:22:30.6333941.json,b21-adf1,pl_onprem_sqlserver_extract,9507921c-9cd7-4dc4-88ef-ed1d583fcc59,PipelineActivity,19,19,2025-04-13 14:22:12.663,2025-04-13 14:22:30.633,8,Succeeded,System.Collections.Generic.List`1[System.Object]
DatabaseC,Schema1,job_postings,job_postings_2025-04-13T16:22:29.3214783.json,b21-adf1,pl_onprem_sqlserver_extract,ec9d2a47-cb88-4bc3-afff-62949f544ced,PipelineActivity,12,12,2025-04-13 14:22:13.200,2025-04-13 14:22:29.320,7,Succeeded,System.Collections.Generic.List`1[System.Object]
DatabaseB,Schema1,users,users_2025-04-13T16:22:30.1356408.json,b21-adf1,pl_onprem_sqlserver_extract,f58bda5a-39e3-443b-8652-51b2682bd731,PipelineActivity,3,3,2025-04-13 14:22:13.157,2025-04-13 14:22:30.137,8,Succeeded,System.Collections.Generic.List`1[System.Object]
Customers,USA,users,users_2025-04-13T16:22:31.5536110.json,b21-adf1,pl_azure_sql_extract,a3c50561-f669-4f31-95ec-fb19cc79bf54,PipelineActivity,5,5,2025-04-13 14:22:12.423,2025-04-13 14:22:31.553,13,Succeeded,System.Collections.Generic.List`1[System.Object]
Reports,Sales,customer_sales,customer_sales_2025-04-13T16:22:31.3056693.json,b21-adf1,pl_azure_sql_extract,34d45132-a6d4-4b4d-b7e2-5e69edd7570d,PipelineActivity,8,8,2025-04-13 14:22:12.287,2025-04-13 14:22:31.307,13,Succeeded,System.Collections.Generic.List`1[System.Object]
DatabaseB,Schema2,users,users_2025-04-13T16:22:32.1090819.json,b21-adf1,pl_onprem_sqlserver_extract,f640d05c-dcf4-4d36-b6b5-374305bbcc45,PipelineActivity,3,3,2025-04-13 14:22:12.597,2025-04-13 14:22:32.110,10,Succeeded,System.Collections.Generic.List`1[System.Object]
Customers,USA,events,events_2025-04-13T16:22:31.7514040.json,b21-adf1,pl_azure_sql_extract,c2413995-6310-443d-9508-524e44ed7696,PipelineActivity,17,17,2025-04-13 14:22:13.110,2025-04-13 14:22:31.750,12,Succeeded,System.Collections.Generic.List`1[System.Object]
Reports,Events,post_events,post_events_2025-04-13T16:22:32.7183113.json,b21-adf1,pl_azure_sql_extract,bc548ded-2c9b-4484-8aa4-2b583b7e9b2e,PipelineActivity,19,19,2025-04-13 14:22:12.310,2025-04-13 14:22:32.717,13,Succeeded,System.Collections.Generic.List`1[System.Object]
Transactions,USA,transactions,transactions_2025-04-13T16:22:34.0183287.json,b21-adf1,pl_azure_sql_extract,bdbf2ead-827d-40a4-994d-6a73afe6ceb6,PipelineActivity,7,7,2025-04-13 14:22:12.350,2025-04-13 14:22:34.017,15,Succeeded,System.Collections.Generic.List`1[System.Object]
Customers,Canada,users,users_2025-04-13T16:22:35.3170393.json,b21-adf1,pl_azure_sql_extract,2a28fa19-7695-4fc9-a8be-78bdf2f85492,PipelineActivity,5,5,2025-04-13 14:22:13.077,2025-04-13 14:22:35.317,13,Succeeded,System.Collections.Generic.List`1[System.Object]
Transactions,India,users,users_2025-04-13T16:22:35.8860664.json,b21-adf1,pl_azure_sql_extract,d959c8ed-b100-4774-a032-af68d31b3eae,PipelineActivity,3,3,2025-04-13 14:22:12.357,2025-04-13 14:22:35.887,17,Succeeded,System.Collections.Generic.List`1[System.Object]
DatabaseA,Schema1,users,users_2025-04-13T12:56:45.1687530.json,b21-adf1,pl_onprem_sqlserver_extract,766dc367-4858-402d-8a74-4e1f8e75fd4e,PipelineActivity,5,5,2025-04-13 10:56:23.567,2025-04-13 10:56:45.170,15,Succeeded,System.Collections.Generic.List`1[System.Object]
DatabaseA,Schema2,users,users_2025-04-13T13:03:57.3795687.json,b21-adf1,pl_onprem_sqlserver_extract,88ba3f75-5ee1-48db-ae4d-b08ab8c52ace,PipelineActivity,5,5,2025-04-13 11:03:39.727,2025-04-13 11:03:57.380,12,Succeeded,System.Collections.Generic.List`1[System.Object]
DatabaseC,Schema2,customer_sales,customer_sales_2025-04-13T13:03:57.5059626.json,b21-adf1,pl_onprem_sqlserver_extract,9260e8a4-7671-4fec-8bd0-26c9b456a8b8,PipelineActivity,8,8,2025-04-13 11:03:39.823,2025-04-13 11:03:57.507,11,Succeeded,System.Collections.Generic.List`1[System.Object]
DatabaseB,Schema2,transactions,transactions_2025-04-13T13:03:57.6240057.json,b21-adf1,pl_onprem_sqlserver_extract,254f5577-f849-4ec2-b024-7373031004b5,PipelineActivity,7,7,2025-04-13 11:03:39.757,2025-04-13 11:03:57.623,11,Succeeded,System.Collections.Generic.List`1[System.Object]
DatabaseC,Schema3,post_events,post_events_2025-04-13T13:03:58.1257950.json,b21-adf1,pl_onprem_sqlserver_extract,b8a27f0a-658d-48c4-ae75-c8d09449c92c,PipelineActivity,19,19,2025-04-13 11:03:39.810,2025-04-13 11:03:58.127,12,Succeeded,System.Collections.Generic.List`1[System.Object]
DatabaseA,Schema1,events,events_2025-04-13T13:03:58.4251533.json,b21-adf1,pl_onprem_sqlserver_extract,d5ab3369-46f5-41c2-8d49-a30c53a59193,PipelineActivity,17,17,2025-04-13 11:03:39.770,2025-04-13 11:03:58.427,12,Succeeded,System.Collections.Generic.List`1[System.Object]
DatabaseB,Schema2,users,users_2025-04-13T13:03:58.6943495.json,b21-adf1,pl_onprem_sqlserver_extract,542e1dcb-8f1c-4661-b25f-9272e62083c5,PipelineActivity,3,3,2025-04-13 11:03:39.767,2025-04-13 11:03:58.693,9,Succeeded,System.Collections.Generic.List`1[System.Object]
DatabaseB,Schema1,users,users_2025-04-13T13:03:58.7460900.json,b21-adf1,pl_onprem_sqlserver_extract,2b1a8454-dff5-4d9c-bbe3-ffac0a4ca9e0,PipelineActivity,3,3,2025-04-13 11:03:39.747,2025-04-13 11:03:58.747,10,Succeeded,System.Collections.Generic.List`1[System.Object]
DatabaseC,Schema1,job_postings,job_postings_2025-04-13T13:03:57.7421091.json,b21-adf1,pl_onprem_sqlserver_extract,4ab0957b-8ee7-4783-9ebe-9a38928d2b35,PipelineActivity,12,12,2025-04-13 11:03:39.827,2025-04-13 11:03:57.743,11,Succeeded,System.Collections.Generic.List`1[System.Object]
DatabaseB,Schema2,users,users_2025-04-13T14:01:37.1201042.json,b21-adf1,pl_onprem_sqlserver_extract,a6bb477f-3321-46f0-b468-3849e2ce8670,PipelineActivity,3,3,2025-04-13 12:01:21.167,2025-04-13 12:01:37.120,10,Succeeded,System.Collections.Generic.List`1[System.Object]
DatabaseB,Schema2,transactions,transactions_2025-04-13T14:01:34.6617590.json,b21-adf1,pl_onprem_sqlserver_extract,81172527-635d-4aa7-a2dc-38fbba74a21c,PipelineActivity,7,7,2025-04-13 12:01:21.127,2025-04-13 12:01:34.663,8,Succeeded,System.Collections.Generic.List`1[System.Object]
DatabaseC,Schema1,job_postings,job_postings_2025-04-13T14:01:38.6223673.json,b21-adf1,pl_onprem_sqlserver_extract,ca979def-25e4-44ed-bc1b-13dd410c0665,PipelineActivity,12,12,2025-04-13 12:01:21.400,2025-04-13 12:01:38.623,11,Succeeded,System.Collections.Generic.List`1[System.Object]
DatabaseB,Schema1,users,users_2025-04-13T14:01:35.1198040.json,b21-adf1,pl_onprem_sqlserver_extract,d8e169ef-7dcd-4808-a28d-232f046ae6f6,PipelineActivity,3,3,2025-04-13 12:01:21.020,2025-04-13 12:01:35.120,8,Succeeded,System.Collections.Generic.List`1[System.Object]
DatabaseA,Schema1,events,events_2025-04-13T14:01:35.3976970.json,b21-adf1,pl_onprem_sqlserver_extract,8223754d-499a-472c-9f0e-6e8391b16290,PipelineActivity,17,17,2025-04-13 12:01:21.043,2025-04-13 12:01:35.397,8,Succeeded,System.Collections.Generic.List`1[System.Object]
DatabaseA,Schema2,users,users_2025-04-13T14:01:35.1840845.json,b21-adf1,pl_onprem_sqlserver_extract,b9343e68-2b3f-41cd-9f9d-88df3a531e2f,PipelineActivity,5,5,2025-04-13 12:01:21.537,2025-04-13 12:01:35.183,8,Succeeded,System.Collections.Generic.List`1[System.Object]
DatabaseC,Schema3,post_events,post_events_2025-04-13T14:01:38.3390011.json,b21-adf1,pl_onprem_sqlserver_extract,d7832b49-ca4e-4803-9cd2-6ecff1d14f1a,PipelineActivity,19,19,2025-04-13 12:01:21.253,2025-04-13 12:01:38.340,10,Succeeded,System.Collections.Generic.List`1[System.Object]
DatabaseA,Schema1,users,users_2025-04-13T14:01:39.5894242.json,b21-adf1,pl_onprem_sqlserver_extract,5f788c92-404f-4cc9-9c21-071d44910e58,PipelineActivity,5,5,2025-04-13 12:01:20.963,2025-04-13 12:01:39.590,12,Succeeded,System.Collections.Generic.List`1[System.Object]
DatabaseC,Schema2,customer_sales,customer_sales_2025-04-13T14:01:40.5443881.json,b21-adf1,pl_onprem_sqlserver_extract,b12360e8-90f1-4a07-9b27-11736c09ef2e,PipelineActivity,8,8,2025-04-13 12:01:21.153,2025-04-13 12:01:40.543,11,Succeeded,System.Collections.Generic.List`1[System.Object]
DatabaseA,Schema1,users,users_2025-04-13T16:06:50.1892549.json,b21-adf1,pl_onprem_sqlserver_extract,b05f6dbb-ab06-4219-88f5-f4a3f84e70a2,PipelineActivity,5,5,2025-04-13 14:06:32.850,2025-04-13 14:06:50.190,11,Succeeded,System.Collections.Generic.List`1[System.Object]
DatabaseC,Schema1,job_postings,job_postings_2025-04-13T16:06:50.3035476.json,b21-adf1,pl_onprem_sqlserver_extract,7a6e03db-546a-450b-b077-e982d7b53421,PipelineActivity,12,12,2025-04-13 14:06:32.773,2025-04-13 14:06:50.303,12,Succeeded,System.Collections.Generic.List`1[System.Object]
DatabaseB,Schema2,transactions,transactions_2025-04-13T16:06:50.5872199.json,b21-adf1,pl_onprem_sqlserver_extract,5e6cb478-d4bf-4cfc-b00b-b6f120908a2c,PipelineActivity,7,7,2025-04-13 14:06:32.833,2025-04-13 14:06:50.587,11,Succeeded,System.Collections.Generic.List`1[System.Object]
DatabaseB,Schema2,users,users_2025-04-13T16:06:51.1492410.json,b21-adf1,pl_onprem_sqlserver_extract,45cc73aa-7c15-4067-9870-610996c1382c,PipelineActivity,3,3,2025-04-13 14:06:32.763,2025-04-13 14:06:51.150,10,Succeeded,System.Collections.Generic.List`1[System.Object]
DatabaseC,Schema3,post_events,post_events_2025-04-13T16:06:50.5716262.json,b21-adf1,pl_onprem_sqlserver_extract,72d0e334-3376-493f-a1d8-4ba067e0ab74,PipelineActivity,19,19,2025-04-13 14:06:32.753,2025-04-13 14:06:50.570,11,Succeeded,System.Collections.Generic.List`1[System.Object]
DatabaseA,Schema1,events,events_2025-04-13T16:06:49.9039113.json,b21-adf1,pl_onprem_sqlserver_extract,a3be89b4-5dd2-4e56-9ca1-feda917fcd3a,PipelineActivity,17,17,2025-04-13 14:06:32.883,2025-04-13 14:06:49.903,11,Succeeded,System.Collections.Generic.List`1[System.Object]
DatabaseC,Schema2,customer_sales,customer_sales_2025-04-13T16:06:50.5858502.json,b21-adf1,pl_onprem_sqlserver_extract,d3713b93-1724-4d1d-bd8d-a07568a61ffd,PipelineActivity,8,8,2025-04-13 14:06:32.760,2025-04-13 14:06:50.587,12,Succeeded,System.Collections.Generic.List`1[System.Object]
DatabaseA,Schema2,users,users_2025-04-13T16:06:51.3095585.json,b21-adf1,pl_onprem_sqlserver_extract,8c0d8ae5-72e6-46f1-be9b-173e0f34b599,PipelineActivity,5,5,2025-04-13 14:06:32.883,2025-04-13 14:06:51.310,13,Succeeded,System.Collections.Generic.List`1[System.Object]
Transactions,USA,users,users_2025-04-13T16:23:03.4667595.json,b21-adf1,pl_azure_sql_extract,d77ea14b-ccb1-4752-9cab-41bb0ef173b8,PipelineActivity,3,3,2025-04-13 14:22:44.407,2025-04-13 14:23:03.467,14,Succeeded,System.Collections.Generic.List`1[System.Object]
Reports,Jobs,job_postings,job_postings_2025-04-13T16:22:47.9930077.json,b21-adf1,pl_azure_sql_extract,e6a19225-79d5-475d-91ea-13922e970ce0,PipelineActivity,12,12,2025-04-13 14:22:12.457,2025-04-13 14:22:47.993,14,Succeeded,System.Collections.Generic.List`1[System.Object]
